Loan_ID,Gender,Married,Dependents,Education,Self_Employed,ApplicantIncome,CoapplicantIncome,LoanAmount,Loan_Amount_Term,Credit_History,Property_Area,Loan_Status,Total_Income
LP001002,Male,No,0,Graduate,No,5849,0,,360,1,Urban,Y,5849.00
LP001003,Male,Yes,1,Graduate,No,4583,1508,128,360,1,Rural,N,6091.00
LP001005,Male,Yes,0,Graduate,Yes,3000,0,66,360,1,Urban,Y,3000.00
LP001006,Male,Yes,0,Not Graduate,No,2583,2358,120,360,1,Urban,Y,4941.00
LP001008,Male,No,0,Graduate,No,6000,0,141,360,1,Urban,Y,6000.00
LP001011,Male,Yes,2,Graduate,Yes,5417,4196,267,360,1,Urban,Y,9613.00
LP001013,Male,Yes,0,Not Graduate,No,2333,1516,95,360,1,Urban,Y,3849.00
LP001014,Male,Yes,3,Graduate,No,3036,2504,158,360,0,Semiurban,N,5540.00
LP001018,Male,Yes,2,Graduate,No,4006,1526,168,360,1,Urban,Y,5532.00
LP001020,Male,Yes,1,Graduate,No,12841,10968,349,360,1,Semiurban,N,23809.00
LP001024,Male,Yes,2,Graduate,No,3200,700,70,360,1,Urban,Y,3900.00
LP001027,Male,Yes,2,Graduate,,2500,1840,109,360,1,Urban,Y,4340.00
LP001028,Male,Yes,2,Graduate,No,3073,8106,200,360,1,Urban,Y,11179.00
LP001029,Male,No,0,Graduate,No,1853,2840,114,360,1,Rural,N,4693.00
LP001030,Male,Yes,2,Graduate,No,1299,1086,17,120,1,Urban,Y,2385.00
LP001032,Male,No,0,Graduate,No,4950,0,125,360,1,Urban,Y,4950.00
LP001034,Male,No,1,Not Graduate,No,3596,0,100,240,,Urban,Y,3596.00
LP001036,Female,No,0,Graduate,No,3510,0,76,360,0,Urban,N,3510.00
LP001038,Male,Yes,0,Not Graduate,No,4887,0,133,360,1,Rural,N,4887.00
LP001041,Male,Yes,0,Graduate,,2600,3500,115,,1,Urban,Y,6100.00
LP001043,Male,Yes,0,Not Graduate,No,7660,0,104,360,0,Urban,N,7660.00
LP001046,Male,Yes,1,Graduate,No,5955,5625,315,360,1,Urban,Y,11580.00
LP001047,Male,Yes,0,Not Graduate,No,2600,1911,116,360,0,Semiurban,N,4511.00
LP001050,,Yes,2,Not Graduate,No,3365,1917,112,360,0,Rural,N,5282.00
LP001052,Male,Yes,1,Graduate,,3717,2925,151,360,,Semiurban,N,6642.00
LP001066,Male,Yes,0,Graduate,Yes,9560,0,191,360,1,Semiurban,Y,9560.00
LP001068,Male,Yes,0,Graduate,No,2799,2253,122,360,1,Semiurban,Y,5052.00
LP001073,Male,Yes,2,Not Graduate,No,4226,1040,110,360,1,Urban,Y,5266.00
LP001086,Male,No,0,Not Graduate,No,1442,0,35,360,1,Urban,N,1442.00
LP001087,Female,No,2,Graduate,,3750,2083,120,360,1,Semiurban,Y,5833.00
LP001091,Male,Yes,1,Graduate,,4166,3369,201,360,,Urban,N,7535.00
LP001095,Male,No,0,Graduate,No,3167,0,74,360,1,Urban,N,3167.00
LP001097,Male,No,1,Graduate,Yes,4692,0,106,360,1,Rural,N,4692.00
LP001098,Male,Yes,0,Graduate,No,3500,1667,114,360,1,Semiurban,Y,5167.00
LP001100,Male,No,3,Graduate,No,12500,3000,320,360,1,Rural,N,15500.00
LP001106,Male,Yes,0,Graduate,No,2275,2067,,360,1,Urban,Y,4342.00
LP001109,Male,Yes,0,Graduate,No,1828,1330,100,,0,Urban,N,3158.00
LP001112,Female,Yes,0,Graduate,No,3667,1459,144,360,1,Semiurban,Y,5126.00
LP001114,Male,No,0,Graduate,No,4166,7210,184,360,1,Urban,Y,11376.00
LP001116,Male,No,0,Not Graduate,No,3748,1668,110,360,1,Semiurban,Y,5416.00
LP001119,Male,No,0,Graduate,No,3600,0,80,360,1,Urban,N,3600.00
LP001120,Male,No,0,Graduate,No,1800,1213,47,360,1,Urban,Y,3013.00
LP001123,Male,Yes,0,Graduate,No,2400,0,75,360,,Urban,Y,2400.00
LP001131,Male,Yes,0,Graduate,No,3941,2336,134,360,1,Semiurban,Y,6277.00
LP001136,Male,Yes,0,Not Graduate,Yes,4695,0,96,,1,Urban,Y,4695.00
LP001137,Female,No,0,Graduate,No,3410,0,88,,1,Urban,Y,3410.00
LP001138,Male,Yes,1,Graduate,No,5649,0,44,360,1,Urban,Y,5649.00
LP001144,Male,Yes,0,Graduate,No,5821,0,144,360,1,Urban,Y,5821.00
LP001146,Female,Yes,0,Graduate,No,2645,3440,120,360,0,Urban,N,6085.00
LP001151,Female,No,0,Graduate,No,4000,2275,144,360,1,Semiurban,Y,6275.00
LP001155,Female,Yes,0,Not Graduate,No,1928,1644,100,360,1,Semiurban,Y,3572.00
LP001157,Female,No,0,Graduate,No,3086,0,120,360,1,Semiurban,Y,3086.00
LP001164,Female,No,0,Graduate,No,4230,0,112,360,1,Semiurban,N,4230.00
LP001179,Male,Yes,2,Graduate,No,4616,0,134,360,1,Urban,N,4616.00
LP001186,Female,Yes,1,Graduate,Yes,11500,0,286,360,0,Urban,N,11500.00
LP001194,Male,Yes,2,Graduate,No,2708,1167,97,360,1,Semiurban,Y,3875.00
LP001195,Male,Yes,0,Graduate,No,2132,1591,96,360,1,Semiurban,Y,3723.00
LP001197,Male,Yes,0,Graduate,No,3366,2200,135,360,1,Rural,N,5566.00
LP001198,Male,Yes,1,Graduate,No,8080,2250,180,360,1,Urban,Y,10330.00
LP001199,Male,Yes,2,Not Graduate,No,3357,2859,144,360,1,Urban,Y,6216.00
LP001205,Male,Yes,0,Graduate,No,2500,3796,120,360,1,Urban,Y,6296.00
LP001206,Male,Yes,3,Graduate,No,3029,0,99,360,1,Urban,Y,3029.00
LP001207,Male,Yes,0,Not Graduate,Yes,2609,3449,165,180,0,Rural,N,6058.00
LP001213,Male,Yes,1,Graduate,No,4945,0,,360,0,Rural,N,4945.00
LP001222,Female,No,0,Graduate,No,4166,0,116,360,0,Semiurban,N,4166.00
LP001225,Male,Yes,0,Graduate,No,5726,4595,258,360,1,Semiurban,N,10321.00
LP001228,Male,No,0,Not Graduate,No,3200,2254,126,180,0,Urban,N,5454.00
LP001233,Male,Yes,1,Graduate,No,10750,0,312,360,1,Urban,Y,10750.00
LP001238,Male,Yes,3,Not Graduate,Yes,7100,0,125,60,1,Urban,Y,7100.00
LP001241,Female,No,0,Graduate,No,4300,0,136,360,0,Semiurban,N,4300.00
LP001243,Male,Yes,0,Graduate,No,3208,3066,172,360,1,Urban,Y,6274.00
LP001245,Male,Yes,2,Not Graduate,Yes,1875,1875,97,360,1,Semiurban,Y,3750.00
LP001248,Male,No,0,Graduate,No,3500,0,81,300,1,Semiurban,Y,3500.00
LP001250,Male,Yes,3,Not Graduate,No,4755,0,95,,0,Semiurban,N,4755.00
LP001253,Male,Yes,3,Graduate,Yes,5266,1774,187,360,1,Semiurban,Y,7040.00
LP001255,Male,No,0,Graduate,No,3750,0,113,480,1,Urban,N,3750.00
LP001256,Male,No,0,Graduate,No,3750,4750,176,360,1,Urban,N,8500.00
LP001259,Male,Yes,1,Graduate,Yes,1000,3022,110,360,1,Urban,N,4022.00
LP001263,Male,Yes,3,Graduate,No,3167,4000,180,300,0,Semiurban,N,7167.00
LP001264,Male,Yes,3,Not Graduate,Yes,3333,2166,130,360,,Semiurban,Y,5499.00
LP001265,Female,No,0,Graduate,No,3846,0,111,360,1,Semiurban,Y,3846.00
LP001266,Male,Yes,1,Graduate,Yes,2395,0,,360,1,Semiurban,Y,2395.00
LP001267,Female,Yes,2,Graduate,No,1378,1881,167,360,1,Urban,N,3259.00
LP001273,Male,Yes,0,Graduate,No,6000,2250,265,360,,Semiurban,N,8250.00
LP001275,Male,Yes,1,Graduate,No,3988,0,50,240,1,Urban,Y,3988.00
LP001279,Male,No,0,Graduate,No,2366,2531,136,360,1,Semiurban,Y,4897.00
LP001280,Male,Yes,2,Not Graduate,No,3333,2000,99,360,,Semiurban,Y,5333.00
LP001282,Male,Yes,0,Graduate,No,2500,2118,104,360,1,Semiurban,Y,4618.00
LP001289,Male,No,0,Graduate,No,8566,0,210,360,1,Urban,Y,8566.00
LP001310,Male,Yes,0,Graduate,No,5695,4167,175,360,1,Semiurban,Y,9862.00
LP001316,Male,Yes,0,Graduate,No,2958,2900,131,360,1,Semiurban,Y,5858.00
LP001318,Male,Yes,2,Graduate,No,6250,5654,188,180,1,Semiurban,Y,11904.00
LP001319,Male,Yes,2,Not Graduate,No,3273,1820,81,360,1,Urban,Y,5093.00
LP001322,Male,No,0,Graduate,No,4133,0,122,360,1,Semiurban,Y,4133.00
LP001325,Male,No,0,Not Graduate,No,3620,0,25,120,1,Semiurban,Y,3620.00
LP001326,Male,No,0,Graduate,,6782,0,,360,,Urban,N,6782.00
LP001327,Female,Yes,0,Graduate,No,2484,2302,137,360,1,Semiurban,Y,4786.00
LP001333,Male,Yes,0,Graduate,No,1977,997,50,360,1,Semiurban,Y,2974.00
LP001334,Male,Yes,0,Not Graduate,No,4188,0,115,180,1,Semiurban,Y,4188.00
LP001343,Male,Yes,0,Graduate,No,1759,3541,131,360,1,Semiurban,Y,5300.00
LP001345,Male,Yes,2,Not Graduate,No,4288,3263,133,180,1,Urban,Y,7551.00
LP001349,Male,No,0,Graduate,No,4843,3806,151,360,1,Semiurban,Y,8649.00
LP001350,Male,Yes,,Graduate,No,13650,0,,360,1,Urban,Y,13650.00
LP001356,Male,Yes,0,Graduate,No,4652,3583,,360,1,Semiurban,Y,8235.00
LP001357,Male,,,Graduate,No,3816,754,160,360,1,Urban,Y,4570.00
LP001367,Male,Yes,1,Graduate,No,3052,1030,100,360,1,Urban,Y,4082.00
LP001369,Male,Yes,2,Graduate,No,11417,1126,225,360,1,Urban,Y,12543.00
LP001370,Male,No,0,Not Graduate,,7333,0,120,360,1,Rural,N,7333.00
LP001379,Male,Yes,2,Graduate,No,3800,3600,216,360,0,Urban,N,7400.00
LP001384,Male,Yes,3,Not Graduate,No,2071,754,94,480,1,Semiurban,Y,2825.00
LP001385,Male,No,0,Graduate,No,5316,0,136,360,1,Urban,Y,5316.00
LP001387,Female,Yes,0,Graduate,,2929,2333,139,360,1,Semiurban,Y,5262.00
LP001391,Male,Yes,0,Not Graduate,No,3572,4114,152,,0,Rural,N,7686.00
LP001392,Female,No,1,Graduate,Yes,7451,0,,360,1,Semiurban,Y,7451.00
LP001398,Male,No,0,Graduate,,5050,0,118,360,1,Semiurban,Y,5050.00
LP001401,Male,Yes,1,Graduate,No,14583,0,185,180,1,Rural,Y,14583.00
LP001404,Female,Yes,0,Graduate,No,3167,2283,154,360,1,Semiurban,Y,5450.00
LP001405,Male,Yes,1,Graduate,No,2214,1398,85,360,,Urban,Y,3612.00
LP001421,Male,Yes,0,Graduate,No,5568,2142,175,360,1,Rural,N,7710.00
LP001422,Female,No,0,Graduate,No,10408,0,259,360,1,Urban,Y,10408.00
LP001426,Male,Yes,,Graduate,No,5667,2667,180,360,1,Rural,Y,8334.00
LP001430,Female,No,0,Graduate,No,4166,0,44,360,1,Semiurban,Y,4166.00
LP001431,Female,No,0,Graduate,No,2137,8980,137,360,0,Semiurban,Y,11117.00
LP001432,Male,Yes,2,Graduate,No,2957,0,81,360,1,Semiurban,Y,2957.00
LP001439,Male,Yes,0,Not Graduate,No,4300,2014,194,360,1,Rural,Y,6314.00
LP001443,Female,No,0,Graduate,No,3692,0,93,360,,Rural,Y,3692.00
LP001448,,Yes,3,Graduate,No,23803,0,370,360,1,Rural,Y,23803.00
LP001449,Male,No,0,Graduate,No,3865,1640,,360,1,Rural,Y,5505.00
LP001451,Male,Yes,1,Graduate,Yes,10513,3850,160,180,0,Urban,N,14363.00
LP001465,Male,Yes,0,Graduate,No,6080,2569,182,360,,Rural,N,8649.00
LP001469,Male,No,0,Graduate,Yes,20166,0,650,480,,Urban,Y,20166.00
LP001473,Male,No,0,Graduate,No,2014,1929,74,360,1,Urban,Y,3943.00
LP001478,Male,No,0,Graduate,No,2718,0,70,360,1,Semiurban,Y,2718.00
LP001482,Male,Yes,0,Graduate,Yes,3459,0,25,120,1,Semiurban,Y,3459.00
LP001487,Male,No,0,Graduate,No,4895,0,102,360,1,Semiurban,Y,4895.00
LP001488,Male,Yes,3,Graduate,No,4000,7750,290,360,1,Semiurban,N,11750.00
LP001489,Female,Yes,0,Graduate,No,4583,0,84,360,1,Rural,N,4583.00
LP001491,Male,Yes,2,Graduate,Yes,3316,3500,88,360,1,Urban,Y,6816.00
LP001492,Male,No,0,Graduate,No,14999,0,242,360,0,Semiurban,N,14999.00
LP001493,Male,Yes,2,Not Graduate,No,4200,1430,129,360,1,Rural,N,5630.00
LP001497,Male,Yes,2,Graduate,No,5042,2083,185,360,1,Rural,N,7125.00
LP001498,Male,No,0,Graduate,No,5417,0,168,360,1,Urban,Y,5417.00
LP001504,Male,No,0,Graduate,Yes,6950,0,175,180,1,Semiurban,Y,6950.00
LP001507,Male,Yes,0,Graduate,No,2698,2034,122,360,1,Semiurban,Y,4732.00
LP001508,Male,Yes,2,Graduate,No,11757,0,187,180,1,Urban,Y,11757.00
LP001514,Female,Yes,0,Graduate,No,2330,4486,100,360,1,Semiurban,Y,6816.00
LP001516,Female,Yes,2,Graduate,No,14866,0,70,360,1,Urban,Y,14866.00
LP001518,Male,Yes,1,Graduate,No,1538,1425,30,360,1,Urban,Y,2963.00
LP001519,Female,No,0,Graduate,No,10000,1666,225,360,1,Rural,N,11666.00
LP001520,Male,Yes,0,Graduate,No,4860,830,125,360,1,Semiurban,Y,5690.00
LP001528,Male,No,0,Graduate,No,6277,0,118,360,0,Rural,N,6277.00
LP001529,Male,Yes,0,Graduate,Yes,2577,3750,152,360,1,Rural,Y,6327.00
LP001531,Male,No,0,Graduate,No,9166,0,244,360,1,Urban,N,9166.00
LP001532,Male,Yes,2,Not Graduate,No,2281,0,113,360,1,Rural,N,2281.00
LP001535,Male,No,0,Graduate,No,3254,0,50,360,1,Urban,Y,3254.00
LP001536,Male,Yes,3,Graduate,No,39999,0,600,180,0,Semiurban,Y,39999.00
LP001541,Male,Yes,1,Graduate,No,6000,0,160,360,,Rural,Y,6000.00
LP001543,Male,Yes,1,Graduate,No,9538,0,187,360,1,Urban,Y,9538.00
LP001546,Male,No,0,Graduate,,2980,2083,120,360,1,Rural,Y,5063.00
LP001552,Male,Yes,0,Graduate,No,4583,5625,255,360,1,Semiurban,Y,10208.00
LP001560,Male,Yes,0,Not Graduate,No,1863,1041,98,360,1,Semiurban,Y,2904.00
LP001562,Male,Yes,0,Graduate,No,7933,0,275,360,1,Urban,N,7933.00
LP001565,Male,Yes,1,Graduate,No,3089,1280,121,360,0,Semiurban,N,4369.00
LP001570,Male,Yes,2,Graduate,No,4167,1447,158,360,1,Rural,Y,5614.00
LP001572,Male,Yes,0,Graduate,No,9323,0,75,180,1,Urban,Y,9323.00
LP001574,Male,Yes,0,Graduate,No,3707,3166,182,,1,Rural,Y,6873.00
LP001577,Female,Yes,0,Graduate,No,4583,0,112,360,1,Rural,N,4583.00
LP001578,Male,Yes,0,Graduate,No,2439,3333,129,360,1,Rural,Y,5772.00
LP001579,Male,No,0,Graduate,No,2237,0,63,480,0,Semiurban,N,2237.00
LP001580,Male,Yes,2,Graduate,No,8000,0,200,360,1,Semiurban,Y,8000.00
LP001581,Male,Yes,0,Not Graduate,,1820,1769,95,360,1,Rural,Y,3589.00
LP001585,,Yes,3,Graduate,No,51763,0,700,300,1,Urban,Y,51763.00
LP001586,Male,Yes,3,Not Graduate,No,3522,0,81,180,1,Rural,N,3522.00
LP001594,Male,Yes,0,Graduate,No,5708,5625,187,360,1,Semiurban,Y,11333.00
LP001603,Male,Yes,0,Not Graduate,Yes,4344,736,87,360,1,Semiurban,N,5080.00
LP001606,Male,Yes,0,Graduate,No,3497,1964,116,360,1,Rural,Y,5461.00
LP001608,Male,Yes,2,Graduate,No,2045,1619,101,360,1,Rural,Y,3664.00
LP001610,Male,Yes,3,Graduate,No,5516,11300,495,360,0,Semiurban,N,16816.00
LP001616,Male,Yes,1,Graduate,No,3750,0,116,360,1,Semiurban,Y,3750.00
LP001630,Male,No,0,Not Graduate,No,2333,1451,102,480,0,Urban,N,3784.00
LP001633,Male,Yes,1,Graduate,No,6400,7250,180,360,0,Urban,N,13650.00
LP001634,Male,No,0,Graduate,No,1916,5063,67,360,,Rural,N,6979.00
LP001636,Male,Yes,0,Graduate,No,4600,0,73,180,1,Semiurban,Y,4600.00
LP001637,Male,Yes,1,Graduate,No,33846,0,260,360,1,Semiurban,N,33846.00
LP001639,Female,Yes,0,Graduate,No,3625,0,108,360,1,Semiurban,Y,3625.00
LP001640,Male,Yes,0,Graduate,Yes,39147,4750,120,360,1,Semiurban,Y,43897.00
LP001641,Male,Yes,1,Graduate,Yes,2178,0,66,300,0,Rural,N,2178.00
LP001643,Male,Yes,0,Graduate,No,2383,2138,58,360,,Rural,Y,4521.00
LP001644,,Yes,0,Graduate,Yes,674,5296,168,360,1,Rural,Y,5970.00
LP001647,Male,Yes,0,Graduate,No,9328,0,188,180,1,Rural,Y,9328.00
LP001653,Male,No,0,Not Graduate,No,4885,0,48,360,1,Rural,Y,4885.00
LP001656,Male,No,0,Graduate,No,12000,0,164,360,1,Semiurban,N,12000.00
LP001657,Male,Yes,0,Not Graduate,No,6033,0,160,360,1,Urban,N,6033.00
LP001658,Male,No,0,Graduate,No,3858,0,76,360,1,Semiurban,Y,3858.00
LP001664,Male,No,0,Graduate,No,4191,0,120,360,1,Rural,Y,4191.00
LP001665,Male,Yes,1,Graduate,No,3125,2583,170,360,1,Semiurban,N,5708.00
LP001666,Male,No,0,Graduate,No,8333,3750,187,360,1,Rural,Y,12083.00
LP001669,Female,No,0,Not Graduate,No,1907,2365,120,,1,Urban,Y,4272.00
LP001671,Female,Yes,0,Graduate,No,3416,2816,113,360,,Semiurban,Y,6232.00
LP001673,Male,No,0,Graduate,Yes,11000,0,83,360,1,Urban,N,11000.00
LP001674,Male,Yes,1,Not Graduate,No,2600,2500,90,360,1,Semiurban,Y,5100.00
LP001677,Male,No,2,Graduate,No,4923,0,166,360,0,Semiurban,Y,4923.00
LP001682,Male,Yes,3,Not Graduate,No,3992,0,,180,1,Urban,N,3992.00
LP001688,Male,Yes,1,Not Graduate,No,3500,1083,135,360,1,Urban,Y,4583.00
LP001691,Male,Yes,2,Not Graduate,No,3917,0,124,360,1,Semiurban,Y,3917.00
LP001692,Female,No,0,Not Graduate,No,4408,0,120,360,1,Semiurban,Y,4408.00
LP001693,Female,No,0,Graduate,No,3244,0,80,360,1,Urban,Y,3244.00
LP001698,Male,No,0,Not Graduate,No,3975,2531,55,360,1,Rural,Y,6506.00
LP001699,Male,No,0,Graduate,No,2479,0,59,360,1,Urban,Y,2479.00
LP001702,Male,No,0,Graduate,No,3418,0,127,360,1,Semiurban,N,3418.00
LP001708,Female,No,0,Graduate,No,10000,0,214,360,1,Semiurban,N,10000.00
LP001711,Male,Yes,3,Graduate,No,3430,1250,128,360,0,Semiurban,N,4680.00
LP001713,Male,Yes,1,Graduate,Yes,7787,0,240,360,1,Urban,Y,7787.00
LP001715,Male,Yes,3,Not Graduate,Yes,5703,0,130,360,1,Rural,Y,5703.00
LP001716,Male,Yes,0,Graduate,No,3173,3021,137,360,1,Urban,Y,6194.00
LP001720,Male,Yes,3,Not Graduate,No,3850,983,100,360,1,Semiurban,Y,4833.00
LP001722,Male,Yes,0,Graduate,No,150,1800,135,360,1,Rural,N,1950.00
LP001726,Male,Yes,0,Graduate,No,3727,1775,131,360,1,Semiurban,Y,5502.00
LP001732,Male,Yes,2,Graduate,,5000,0,72,360,0,Semiurban,N,5000.00
LP001734,Female,Yes,2,Graduate,No,4283,2383,127,360,,Semiurban,Y,6666.00
LP001736,Male,Yes,0,Graduate,No,2221,0,60,360,0,Urban,N,2221.00
LP001743,Male,Yes,2,Graduate,No,4009,1717,116,360,1,Semiurban,Y,5726.00
LP001744,Male,No,0,Graduate,No,2971,2791,144,360,1,Semiurban,Y,5762.00
LP001749,Male,Yes,0,Graduate,No,7578,1010,175,,1,Semiurban,Y,8588.00
LP001750,Male,Yes,0,Graduate,No,6250,0,128,360,1,Semiurban,Y,6250.00
LP001751,Male,Yes,0,Graduate,No,3250,0,170,360,1,Rural,N,3250.00
LP001754,Male,Yes,,Not Graduate,Yes,4735,0,138,360,1,Urban,N,4735.00
LP001758,Male,Yes,2,Graduate,No,6250,1695,210,360,1,Semiurban,Y,7945.00
LP001760,Male,,,Graduate,No,4758,0,158,480,1,Semiurban,Y,4758.00
LP001761,Male,No,0,Graduate,Yes,6400,0,200,360,1,Rural,Y,6400.00
LP001765,Male,Yes,1,Graduate,No,2491,2054,104,360,1,Semiurban,Y,4545.00
LP001768,Male,Yes,0,Graduate,,3716,0,42,180,1,Rural,Y,3716.00
LP001770,Male,No,0,Not Graduate,No,3189,2598,120,,1,Rural,Y,5787.00
LP001776,Female,No,0,Graduate,No,8333,0,280,360,1,Semiurban,Y,8333.00
LP001778,Male,Yes,1,Graduate,No,3155,1779,140,360,1,Semiurban,Y,4934.00
LP001784,Male,Yes,1,Graduate,No,5500,1260,170,360,1,Rural,Y,6760.00
LP001786,Male,Yes,0,Graduate,,5746,0,255,360,,Urban,N,5746.00
LP001788,Female,No,0,Graduate,Yes,3463,0,122,360,,Urban,Y,3463.00
LP001790,Female,No,1,Graduate,No,3812,0,112,360,1,Rural,Y,3812.00
LP001792,Male,Yes,1,Graduate,No,3315,0,96,360,1,Semiurban,Y,3315.00
LP001798,Male,Yes,2,Graduate,No,5819,5000,120,360,1,Rural,Y,10819.00
LP001800,Male,Yes,1,Not Graduate,No,2510,1983,140,180,1,Urban,N,4493.00
LP001806,Male,No,0,Graduate,No,2965,5701,155,60,1,Urban,Y,8666.00
LP001807,Male,Yes,2,Graduate,Yes,6250,1300,108,360,1,Rural,Y,7550.00
LP001811,Male,Yes,0,Not Graduate,No,3406,4417,123,360,1,Semiurban,Y,7823.00
LP001813,Male,No,0,Graduate,Yes,6050,4333,120,180,1,Urban,N,10383.00
LP001814,Male,Yes,2,Graduate,No,9703,0,112,360,1,Urban,Y,9703.00
LP001819,Male,Yes,1,Not Graduate,No,6608,0,137,180,1,Urban,Y,6608.00
LP001824,Male,Yes,1,Graduate,No,2882,1843,123,480,1,Semiurban,Y,4725.00
LP001825,Male,Yes,0,Graduate,No,1809,1868,90,360,1,Urban,Y,3677.00
LP001835,Male,Yes,0,Not Graduate,No,1668,3890,201,360,0,Semiurban,N,5558.00
LP001836,Female,No,2,Graduate,No,3427,0,138,360,1,Urban,N,3427.00
LP001841,Male,No,0,Not Graduate,Yes,2583,2167,104,360,1,Rural,Y,4750.00
LP001843,Male,Yes,1,Not Graduate,No,2661,7101,279,180,1,Semiurban,Y,9762.00
LP001844,Male,No,0,Graduate,Yes,16250,0,192,360,0,Urban,N,16250.00
LP001846,Female,No,3,Graduate,No,3083,0,255,360,1,Rural,Y,3083.00
LP001849,Male,No,0,Not Graduate,No,6045,0,115,360,0,Rural,N,6045.00
LP001854,Male,Yes,3,Graduate,No,5250,0,94,360,1,Urban,N,5250.00
LP001859,Male,Yes,0,Graduate,No,14683,2100,304,360,1,Rural,N,16783.00
LP001864,Male,Yes,3,Not Graduate,No,4931,0,128,360,,Semiurban,N,4931.00
LP001865,Male,Yes,1,Graduate,No,6083,4250,330,360,,Urban,Y,10333.00
LP001868,Male,No,0,Graduate,No,2060,2209,134,360,1,Semiurban,Y,4269.00
LP001870,Female,No,1,Graduate,No,3481,0,155,36,1,Semiurban,N,3481.00
LP001871,Female,No,0,Graduate,No,7200,0,120,360,1,Rural,Y,7200.00
LP001872,Male,No,0,Graduate,Yes,5166,0,128,360,1,Semiurban,Y,5166.00
LP001875,Male,No,0,Graduate,No,4095,3447,151,360,1,Rural,Y,7542.00
LP001877,Male,Yes,2,Graduate,No,4708,1387,150,360,1,Semiurban,Y,6095.00
LP001882,Male,Yes,3,Graduate,No,4333,1811,160,360,0,Urban,Y,6144.00
LP001883,Female,No,0,Graduate,,3418,0,135,360,1,Rural,N,3418.00
LP001884,Female,No,1,Graduate,No,2876,1560,90,360,1,Urban,Y,4436.00
LP001888,Female,No,0,Graduate,No,3237,0,30,360,1,Urban,Y,3237.00
LP001891,Male,Yes,0,Graduate,No,11146,0,136,360,1,Urban,Y,11146.00
LP001892,Male,No,0,Graduate,No,2833,1857,126,360,1,Rural,Y,4690.00
LP001894,Male,Yes,0,Graduate,No,2620,2223,150,360,1,Semiurban,Y,4843.00
LP001896,Male,Yes,2,Graduate,No,3900,0,90,360,1,Semiurban,Y,3900.00
LP001900,Male,Yes,1,Graduate,No,2750,1842,115,360,1,Semiurban,Y,4592.00
LP001903,Male,Yes,0,Graduate,No,3993,3274,207,360,1,Semiurban,Y,7267.00
LP001904,Male,Yes,0,Graduate,No,3103,1300,80,360,1,Urban,Y,4403.00
LP001907,Male,Yes,0,Graduate,No,14583,0,436,360,1,Semiurban,Y,14583.00
LP001908,Female,Yes,0,Not Graduate,No,4100,0,124,360,,Rural,Y,4100.00
LP001910,Male,No,1,Not Graduate,Yes,4053,2426,158,360,0,Urban,N,6479.00
LP001914,Male,Yes,0,Graduate,No,3927,800,112,360,1,Semiurban,Y,4727.00
LP001915,Male,Yes,2,Graduate,No,2301,985.7999878,78,180,1,Urban,Y,3286.80
LP001917,Female,No,0,Graduate,No,1811,1666,54,360,1,Urban,Y,3477.00
LP001922,Male,Yes,0,Graduate,No,20667,0,,360,1,Rural,N,20667.00
LP001924,Male,No,0,Graduate,No,3158,3053,89,360,1,Rural,Y,6211.00
LP001925,Female,No,0,Graduate,Yes,2600,1717,99,300,1,Semiurban,N,4317.00
LP001926,Male,Yes,0,Graduate,No,3704,2000,120,360,1,Rural,Y,5704.00
LP001931,Female,No,0,Graduate,No,4124,0,115,360,1,Semiurban,Y,4124.00
LP001935,Male,No,0,Graduate,No,9508,0,187,360,1,Rural,Y,9508.00
LP001936,Male,Yes,0,Graduate,No,3075,2416,139,360,1,Rural,Y,5491.00
LP001938,Male,Yes,2,Graduate,No,4400,0,127,360,0,Semiurban,N,4400.00
LP001940,Male,Yes,2,Graduate,No,3153,1560,134,360,1,Urban,Y,4713.00
LP001945,Female,No,,Graduate,No,5417,0,143,480,0,Urban,N,5417.00
LP001947,Male,Yes,0,Graduate,No,2383,3334,172,360,1,Semiurban,Y,5717.00
LP001949,Male,Yes,3,Graduate,,4416,1250,110,360,1,Urban,Y,5666.00
LP001953,Male,Yes,1,Graduate,No,6875,0,200,360,1,Semiurban,Y,6875.00
LP001954,Female,Yes,1,Graduate,No,4666,0,135,360,1,Urban,Y,4666.00
LP001955,Female,No,0,Graduate,No,5000,2541,151,480,1,Rural,N,7541.00
LP001963,Male,Yes,1,Graduate,No,2014,2925,113,360,1,Urban,N,4939.00
LP001964,Male,Yes,0,Not Graduate,No,1800,2934,93,360,0,Urban,N,4734.00
LP001972,Male,Yes,,Not Graduate,No,2875,1750,105,360,1,Semiurban,Y,4625.00
LP001974,Female,No,0,Graduate,No,5000,0,132,360,1,Rural,Y,5000.00
LP001977,Male,Yes,1,Graduate,No,1625,1803,96,360,1,Urban,Y,3428.00
LP001978,Male,No,0,Graduate,No,4000,2500,140,360,1,Rural,Y,6500.00
LP001990,Male,No,0,Not Graduate,No,2000,0,,360,1,Urban,N,2000.00
LP001993,Female,No,0,Graduate,No,3762,1666,135,360,1,Rural,Y,5428.00
LP001994,Female,No,0,Graduate,No,2400,1863,104,360,0,Urban,N,4263.00
LP001996,Male,No,0,Graduate,No,20233,0,480,360,1,Rural,N,20233.00
LP001998,Male,Yes,2,Not Graduate,No,7667,0,185,360,,Rural,Y,7667.00
LP002002,Female,No,0,Graduate,No,2917,0,84,360,1,Semiurban,Y,2917.00
LP002004,Male,No,0,Not Graduate,No,2927,2405,111,360,1,Semiurban,Y,5332.00
LP002006,Female,No,0,Graduate,No,2507,0,56,360,1,Rural,Y,2507.00
LP002008,Male,Yes,2,Graduate,Yes,5746,0,144,84,,Rural,Y,5746.00
LP002024,,Yes,0,Graduate,No,2473,1843,159,360,1,Rural,N,4316.00
LP002031,Male,Yes,1,Not Graduate,No,3399,1640,111,180,1,Urban,Y,5039.00
LP002035,Male,Yes,2,Graduate,No,3717,0,120,360,1,Semiurban,Y,3717.00
LP002036,Male,Yes,0,Graduate,No,2058,2134,88,360,,Urban,Y,4192.00
LP002043,Female,No,1,Graduate,No,3541,0,112,360,,Semiurban,Y,3541.00
LP002050,Male,Yes,1,Graduate,Yes,10000,0,155,360,1,Rural,N,10000.00
LP002051,Male,Yes,0,Graduate,No,2400,2167,115,360,1,Semiurban,Y,4567.00
LP002053,Male,Yes,3,Graduate,No,4342,189,124,360,1,Semiurban,Y,4531.00
LP002054,Male,Yes,2,Not Graduate,No,3601,1590,,360,1,Rural,Y,5191.00
LP002055,Female,No,0,Graduate,No,3166,2985,132,360,,Rural,Y,6151.00
LP002065,Male,Yes,3,Graduate,No,15000,0,300,360,1,Rural,Y,15000.00
LP002067,Male,Yes,1,Graduate,Yes,8666,4983,376,360,0,Rural,N,13649.00
LP002068,Male,No,0,Graduate,No,4917,0,130,360,0,Rural,Y,4917.00
LP002082,Male,Yes,0,Graduate,Yes,5818,2160,184,360,1,Semiurban,Y,7978.00
LP002086,Female,Yes,0,Graduate,No,4333,2451,110,360,1,Urban,N,6784.00
LP002087,Female,No,0,Graduate,No,2500,0,67,360,1,Urban,Y,2500.00
LP002097,Male,No,1,Graduate,No,4384,1793,117,360,1,Urban,Y,6177.00
LP002098,Male,No,0,Graduate,No,2935,0,98,360,1,Semiurban,Y,2935.00
LP002100,Male,No,,Graduate,No,2833,0,71,360,1,Urban,Y,2833.00
LP002101,Male,Yes,0,Graduate,,63337,0,490,180,1,Urban,Y,63337.00
LP002103,,Yes,1,Graduate,Yes,9833,1833,182,180,1,Urban,Y,11666.00
LP002106,Male,Yes,,Graduate,Yes,5503,4490,70,,1,Semiurban,Y,9993.00
LP002110,Male,Yes,1,Graduate,,5250,688,160,360,1,Rural,Y,5938.00
LP002112,Male,Yes,2,Graduate,Yes,2500,4600,176,360,1,Rural,Y,7100.00
LP002113,Female,No,3,Not Graduate,No,1830,0,,360,0,Urban,N,1830.00
LP002114,Female,No,0,Graduate,No,4160,0,71,360,1,Semiurban,Y,4160.00
LP002115,Male,Yes,3,Not Graduate,No,2647,1587,173,360,1,Rural,N,4234.00
LP002116,Female,No,0,Graduate,No,2378,0,46,360,1,Rural,N,2378.00
LP002119,Male,Yes,1,Not Graduate,No,4554,1229,158,360,1,Urban,Y,5783.00
LP002126,Male,Yes,3,Not Graduate,No,3173,0,74,360,1,Semiurban,Y,3173.00
LP002128,Male,Yes,2,Graduate,,2583,2330,125,360,1,Rural,Y,4913.00
LP002129,Male,Yes,0,Graduate,No,2499,2458,160,360,1,Semiurban,Y,4957.00
LP002130,Male,Yes,,Not Graduate,No,3523,3230,152,360,0,Rural,N,6753.00
LP002131,Male,Yes,2,Not Graduate,No,3083,2168,126,360,1,Urban,Y,5251.00
LP002137,Male,Yes,0,Graduate,No,6333,4583,259,360,,Semiurban,Y,10916.00
LP002138,Male,Yes,0,Graduate,No,2625,6250,187,360,1,Rural,Y,8875.00
LP002139,Male,Yes,0,Graduate,No,9083,0,228,360,1,Semiurban,Y,9083.00
LP002140,Male,No,0,Graduate,No,8750,4167,308,360,1,Rural,N,12917.00
LP002141,Male,Yes,3,Graduate,No,2666,2083,95,360,1,Rural,Y,4749.00
LP002142,Female,Yes,0,Graduate,Yes,5500,0,105,360,0,Rural,N,5500.00
LP002143,Female,Yes,0,Graduate,No,2423,505,130,360,1,Semiurban,Y,2928.00
LP002144,Female,No,,Graduate,No,3813,0,116,180,1,Urban,Y,3813.00
LP002149,Male,Yes,2,Graduate,No,8333,3167,165,360,1,Rural,Y,11500.00
LP002151,Male,Yes,1,Graduate,No,3875,0,67,360,1,Urban,N,3875.00
LP002158,Male,Yes,0,Not Graduate,No,3000,1666,100,480,0,Urban,N,4666.00
LP002160,Male,Yes,3,Graduate,No,5167,3167,200,360,1,Semiurban,Y,8334.00
LP002161,Female,No,1,Graduate,No,4723,0,81,360,1,Semiurban,N,4723.00
LP002170,Male,Yes,2,Graduate,No,5000,3667,236,360,1,Semiurban,Y,8667.00
LP002175,Male,Yes,0,Graduate,No,4750,2333,130,360,1,Urban,Y,7083.00
LP002178,Male,Yes,0,Graduate,No,3013,3033,95,300,,Urban,Y,6046.00
LP002180,Male,No,0,Graduate,Yes,6822,0,141,360,1,Rural,Y,6822.00
LP002181,Male,No,0,Not Graduate,No,6216,0,133,360,1,Rural,N,6216.00
LP002187,Male,No,0,Graduate,No,2500,0,96,480,1,Semiurban,N,2500.00
LP002188,Male,No,0,Graduate,No,5124,0,124,,0,Rural,N,5124.00
LP002190,Male,Yes,1,Graduate,No,6325,0,175,360,1,Semiurban,Y,6325.00
LP002191,Male,Yes,0,Graduate,No,19730,5266,570,360,1,Rural,N,24996.00
LP002194,Female,No,0,Graduate,Yes,15759,0,55,360,1,Semiurban,Y,15759.00
LP002197,Male,Yes,2,Graduate,No,5185,0,155,360,1,Semiurban,Y,5185.00
LP002201,Male,Yes,2,Graduate,Yes,9323,7873,380,300,1,Rural,Y,17196.00
LP002205,Male,No,1,Graduate,No,3062,1987,111,180,0,Urban,N,5049.00
LP002209,Female,No,0,Graduate,,2764,1459,110,360,1,Urban,Y,4223.00
LP002211,Male,Yes,0,Graduate,No,4817,923,120,180,1,Urban,Y,5740.00
LP002219,Male,Yes,3,Graduate,No,8750,4996,130,360,1,Rural,Y,13746.00
LP002223,Male,Yes,0,Graduate,No,4310,0,130,360,,Semiurban,Y,4310.00
LP002224,Male,No,0,Graduate,No,3069,0,71,480,1,Urban,N,3069.00
LP002225,Male,Yes,2,Graduate,No,5391,0,130,360,1,Urban,Y,5391.00
LP002226,Male,Yes,0,Graduate,,3333,2500,128,360,1,Semiurban,Y,5833.00
LP002229,Male,No,0,Graduate,No,5941,4232,296,360,1,Semiurban,Y,10173.00
LP002231,Female,No,0,Graduate,No,6000,0,156,360,1,Urban,Y,6000.00
LP002234,Male,No,0,Graduate,Yes,7167,0,128,360,1,Urban,Y,7167.00
LP002236,Male,Yes,2,Graduate,No,4566,0,100,360,1,Urban,N,4566.00
LP002237,Male,No,1,Graduate,,3667,0,113,180,1,Urban,Y,3667.00
LP002239,Male,No,0,Not Graduate,No,2346,1600,132,360,1,Semiurban,Y,3946.00
LP002243,Male,Yes,0,Not Graduate,No,3010,3136,,360,0,Urban,N,6146.00
LP002244,Male,Yes,0,Graduate,No,2333,2417,136,360,1,Urban,Y,4750.00
LP002250,Male,Yes,0,Graduate,No,5488,0,125,360,1,Rural,Y,5488.00
LP002255,Male,No,3,Graduate,No,9167,0,185,360,1,Rural,Y,9167.00
LP002262,Male,Yes,3,Graduate,No,9504,0,275,360,1,Rural,Y,9504.00
LP002263,Male,Yes,0,Graduate,No,2583,2115,120,360,,Urban,Y,4698.00
LP002265,Male,Yes,2,Not Graduate,No,1993,1625,113,180,1,Semiurban,Y,3618.00
LP002266,Male,Yes,2,Graduate,No,3100,1400,113,360,1,Urban,Y,4500.00
LP002272,Male,Yes,2,Graduate,No,3276,484,135,360,,Semiurban,Y,3760.00
LP002277,Female,No,0,Graduate,No,3180,0,71,360,0,Urban,N,3180.00
LP002281,Male,Yes,0,Graduate,No,3033,1459,95,360,1,Urban,Y,4492.00
LP002284,Male,No,0,Not Graduate,No,3902,1666,109,360,1,Rural,Y,5568.00
LP002287,Female,No,0,Graduate,No,1500,1800,103,360,0,Semiurban,N,3300.00
LP002288,Male,Yes,2,Not Graduate,No,2889,0,45,180,0,Urban,N,2889.00
LP002296,Male,No,0,Not Graduate,No,2755,0,65,300,1,Rural,N,2755.00
LP002297,Male,No,0,Graduate,No,2500,20000,103,360,1,Semiurban,Y,22500.00
LP002300,Female,No,0,Not Graduate,No,1963,0,53,360,1,Semiurban,Y,1963.00
LP002301,Female,No,0,Graduate,Yes,7441,0,194,360,1,Rural,N,7441.00
LP002305,Female,No,0,Graduate,No,4547,0,115,360,1,Semiurban,Y,4547.00
LP002308,Male,Yes,0,Not Graduate,No,2167,2400,115,360,1,Urban,Y,4567.00
LP002314,Female,No,0,Not Graduate,No,2213,0,66,360,1,Rural,Y,2213.00
LP002315,Male,Yes,1,Graduate,No,8300,0,152,300,0,Semiurban,N,8300.00
LP002317,Male,Yes,3,Graduate,No,81000,0,360,360,0,Rural,N,81000.00
LP002318,Female,No,1,Not Graduate,Yes,3867,0,62,360,1,Semiurban,N,3867.00
LP002319,Male,Yes,0,Graduate,,6256,0,160,360,,Urban,Y,6256.00
LP002328,Male,Yes,0,Not Graduate,No,6096,0,218,360,0,Rural,N,6096.00
LP002332,Male,Yes,0,Not Graduate,No,2253,2033,110,360,1,Rural,Y,4286.00
LP002335,Female,Yes,0,Not Graduate,No,2149,3237,178,360,0,Semiurban,N,5386.00
LP002337,Female,No,0,Graduate,No,2995,0,60,360,1,Urban,Y,2995.00
LP002341,Female,No,1,Graduate,No,2600,0,160,360,1,Urban,N,2600.00
LP002342,Male,Yes,2,Graduate,Yes,1600,20000,239,360,1,Urban,N,21600.00
LP002345,Male,Yes,0,Graduate,No,1025,2773,112,360,1,Rural,Y,3798.00
LP002347,Male,Yes,0,Graduate,No,3246,1417,138,360,1,Semiurban,Y,4663.00
LP002348,Male,Yes,0,Graduate,No,5829,0,138,360,1,Rural,Y,5829.00
LP002357,Female,No,0,Not Graduate,No,2720,0,80,,0,Urban,N,2720.00
LP002361,Male,Yes,0,Graduate,No,1820,1719,100,360,1,Urban,Y,3539.00
LP002362,Male,Yes,1,Graduate,No,7250,1667,110,,0,Urban,N,8917.00
LP002364,Male,Yes,0,Graduate,No,14880,0,96,360,1,Semiurban,Y,14880.00
LP002366,Male,Yes,0,Graduate,No,2666,4300,121,360,1,Rural,Y,6966.00
LP002367,Female,No,1,Not Graduate,No,4606,0,81,360,1,Rural,N,4606.00
LP002368,Male,Yes,2,Graduate,No,5935,0,133,360,1,Semiurban,Y,5935.00
LP002369,Male,Yes,0,Graduate,No,2920,16.12000084,87,360,1,Rural,Y,2936.12
LP002370,Male,No,0,Not Graduate,No,2717,0,60,180,1,Urban,Y,2717.00
LP002377,Female,No,1,Graduate,Yes,8624,0,150,360,1,Semiurban,Y,8624.00
LP002379,Male,No,0,Graduate,No,6500,0,105,360,0,Rural,N,6500.00
LP002386,Male,No,0,Graduate,,12876,0,405,360,1,Semiurban,Y,12876.00
LP002387,Male,Yes,0,Graduate,No,2425,2340,143,360,1,Semiurban,Y,4765.00
LP002390,Male,No,0,Graduate,No,3750,0,100,360,1,Urban,Y,3750.00
LP002393,Female,,,Graduate,No,10047,0,,240,1,Semiurban,Y,10047.00
LP002398,Male,No,0,Graduate,No,1926,1851,50,360,1,Semiurban,Y,3777.00
LP002401,Male,Yes,0,Graduate,No,2213,1125,,360,1,Urban,Y,3338.00
LP002403,Male,No,0,Graduate,Yes,10416,0,187,360,0,Urban,N,10416.00
LP002407,Female,Yes,0,Not Graduate,Yes,7142,0,138,360,1,Rural,Y,7142.00
LP002408,Male,No,0,Graduate,No,3660,5064,187,360,1,Semiurban,Y,8724.00
LP002409,Male,Yes,0,Graduate,No,7901,1833,180,360,1,Rural,Y,9734.00
LP002418,Male,No,3,Not Graduate,No,4707,1993,148,360,1,Semiurban,Y,6700.00
LP002422,Male,No,1,Graduate,No,37719,0,152,360,1,Semiurban,Y,37719.00
LP002424,Male,Yes,0,Graduate,No,7333,8333,175,300,,Rural,Y,15666.00
LP002429,Male,Yes,1,Graduate,Yes,3466,1210,130,360,1,Rural,Y,4676.00
LP002434,Male,Yes,2,Not Graduate,No,4652,0,110,360,1,Rural,Y,4652.00
LP002435,Male,Yes,0,Graduate,,3539,1376,55,360,1,Rural,N,4915.00
LP002443,Male,Yes,2,Graduate,No,3340,1710,150,360,0,Rural,N,5050.00
LP002444,Male,No,1,Not Graduate,Yes,2769,1542,190,360,,Semiurban,N,4311.00
LP002446,Male,Yes,2,Not Graduate,No,2309,1255,125,360,0,Rural,N,3564.00
LP002447,Male,Yes,2,Not Graduate,No,1958,1456,60,300,,Urban,Y,3414.00
LP002448,Male,Yes,0,Graduate,No,3948,1733,149,360,0,Rural,N,5681.00
LP002449,Male,Yes,0,Graduate,No,2483,2466,90,180,0,Rural,Y,4949.00
LP002453,Male,No,0,Graduate,Yes,7085,0,84,360,1,Semiurban,Y,7085.00
LP002455,Male,Yes,2,Graduate,No,3859,0,96,360,1,Semiurban,Y,3859.00
LP002459,Male,Yes,0,Graduate,No,4301,0,118,360,1,Urban,Y,4301.00
LP002467,Male,Yes,0,Graduate,No,3708,2569,173,360,1,Urban,N,6277.00
LP002472,Male,No,2,Graduate,No,4354,0,136,360,1,Rural,Y,4354.00
LP002473,Male,Yes,0,Graduate,No,8334,0,160,360,1,Semiurban,N,8334.00
LP002478,,Yes,0,Graduate,Yes,2083,4083,160,360,,Semiurban,Y,6166.00
LP002484,Male,Yes,3,Graduate,No,7740,0,128,180,1,Urban,Y,7740.00
LP002487,Male,Yes,0,Graduate,No,3015,2188,153,360,1,Rural,Y,5203.00
LP002489,Female,No,1,Not Graduate,,5191,0,132,360,1,Semiurban,Y,5191.00
LP002493,Male,No,0,Graduate,No,4166,0,98,360,0,Semiurban,N,4166.00
LP002494,Male,No,0,Graduate,No,6000,0,140,360,1,Rural,Y,6000.00
LP002500,Male,Yes,3,Not Graduate,No,2947,1664,70,180,0,Urban,N,4611.00
LP002501,,Yes,0,Graduate,No,16692,0,110,360,1,Semiurban,Y,16692.00
LP002502,Female,Yes,2,Not Graduate,,210,2917,98,360,1,Semiurban,Y,3127.00
LP002505,Male,Yes,0,Graduate,No,4333,2451,110,360,1,Urban,N,6784.00
LP002515,Male,Yes,1,Graduate,Yes,3450,2079,162,360,1,Semiurban,Y,5529.00
LP002517,Male,Yes,1,Not Graduate,No,2653,1500,113,180,0,Rural,N,4153.00
LP002519,Male,Yes,3,Graduate,No,4691,0,100,360,1,Semiurban,Y,4691.00
LP002522,Female,No,0,Graduate,Yes,2500,0,93,360,,Urban,Y,2500.00
LP002524,Male,No,2,Graduate,No,5532,4648,162,360,1,Rural,Y,10180.00
LP002527,Male,Yes,2,Graduate,Yes,16525,1014,150,360,1,Rural,Y,17539.00
LP002529,Male,Yes,2,Graduate,No,6700,1750,230,300,1,Semiurban,Y,8450.00
LP002530,,Yes,2,Graduate,No,2873,1872,132,360,0,Semiurban,N,4745.00
LP002531,Male,Yes,1,Graduate,Yes,16667,2250,86,360,1,Semiurban,Y,18917.00
LP002533,Male,Yes,2,Graduate,No,2947,1603,,360,1,Urban,N,4550.00
LP002534,Female,No,0,Not Graduate,No,4350,0,154,360,1,Rural,Y,4350.00
LP002536,Male,Yes,3,Not Graduate,No,3095,0,113,360,1,Rural,Y,3095.00
LP002537,Male,Yes,0,Graduate,No,2083,3150,128,360,1,Semiurban,Y,5233.00
LP002541,Male,Yes,0,Graduate,No,10833,0,234,360,1,Semiurban,Y,10833.00
LP002543,Male,Yes,2,Graduate,No,8333,0,246,360,1,Semiurban,Y,8333.00
LP002544,Male,Yes,1,Not Graduate,No,1958,2436,131,360,1,Rural,Y,4394.00
LP002545,Male,No,2,Graduate,No,3547,0,80,360,0,Rural,N,3547.00
LP002547,Male,Yes,1,Graduate,No,18333,0,500,360,1,Urban,N,18333.00
LP002555,Male,Yes,2,Graduate,Yes,4583,2083,160,360,1,Semiurban,Y,6666.00
LP002556,Male,No,0,Graduate,No,2435,0,75,360,1,Urban,N,2435.00
LP002560,Male,No,0,Not Graduate,No,2699,2785,96,360,,Semiurban,Y,5484.00
LP002562,Male,Yes,1,Not Graduate,No,5333,1131,186,360,,Urban,Y,6464.00
LP002571,Male,No,0,Not Graduate,No,3691,0,110,360,1,Rural,Y,3691.00
LP002582,Female,No,0,Not Graduate,Yes,17263,0,225,360,1,Semiurban,Y,17263.00
LP002585,Male,Yes,0,Graduate,No,3597,2157,119,360,0,Rural,N,5754.00
LP002586,Female,Yes,1,Graduate,No,3326,913,105,84,1,Semiurban,Y,4239.00
LP002587,Male,Yes,0,Not Graduate,No,2600,1700,107,360,1,Rural,Y,4300.00
LP002588,Male,Yes,0,Graduate,No,4625,2857,111,12,,Urban,Y,7482.00
LP002600,Male,Yes,1,Graduate,Yes,2895,0,95,360,1,Semiurban,Y,2895.00
LP002602,Male,No,0,Graduate,No,6283,4416,209,360,0,Rural,N,10699.00
